{"cameraMode":{"drawMode":0,"name":"Shaded","section":"Shading Mode"},"sceneLighting":false,"audioPlay":false,"sceneViewState":{"showFog":true,"showMaterialUpdate":false,"showSkybox":false,"showFlares":true,"showImageEffects":true,"showParticleSystems":true},"in2DMode":false,"pivot":{"x":-2.4994397163391115,"y":0.028180764988064767,"z":-1.3436343669891358},"rotation":{"x":0.025717316195368768,"y":-0.41197633743286135,"z":-0.011540132574737072,"w":-0.9108200669288635},"size":1.6443758010864258,"orthographic":false}