{"cameraMode":{"drawMode":0,"name":"Shaded","section":"Shading Mode"},"sceneLighting":false,"audioPlay":false,"sceneViewState":{"showFog":true,"showMaterialUpdate":false,"showSkybox":false,"showFlares":true,"showImageEffects":true,"showParticleSystems":true},"in2DMode":false,"pivot":{"x":-0.036623626947402957,"y":0.3733563721179962,"z":-0.001593947410583496},"rotation":{"x":0.025717316195368768,"y":-0.41197633743286135,"z":-0.011540132574737072,"w":-0.9108200669288635},"size":3.8464975357055666,"orthographic":false}