{"cameraMode":{"drawMode":0,"name":"Shaded","section":"Shading Mode"},"sceneLighting":false,"audioPlay":false,"sceneViewState":{"showFog":true,"showMaterialUpdate":false,"showSkybox":false,"showFlares":true,"showImageEffects":true,"showParticleSystems":true},"in2DMode":false,"pivot":{"x":4.679999828338623,"y":0.2800000011920929,"z":8.930000305175782},"rotation":{"x":0.21468545496463777,"y":-0.2701650559902191,"z":0.06186237186193466,"w":0.9365872740745544},"size":2.000519275665283,"orthographic":false}