{"cameraMode":{"drawMode":0,"name":"Shaded","section":"Shading Mode"},"sceneLighting":true,"audioPlay":false,"sceneViewState":{"showFog":true,"showMaterialUpdate":false,"showSkybox":true,"showFlares":true,"showImageEffects":true,"showParticleSystems":true},"in2DMode":false,"pivot":{"x":597.9000244140625,"y":190.89999389648438,"z":0.0},"rotation":{"x":-0.09808412939310074,"y":0.8712385296821594,"z":-0.19419431686401368,"w":-0.4400402903556824},"size":140.00714111328126,"orthographic":false}