{"cameraMode":{"drawMode":0,"name":"Shaded","section":"Shading Mode"},"sceneLighting":false,"audioPlay":false,"sceneViewState":{"showFog":true,"showMaterialUpdate":false,"showSkybox":false,"showFlares":true,"showImageEffects":true,"showParticleSystems":true},"in2DMode":false,"pivot":{"x":0.191184401512146,"y":28.69999885559082,"z":-4.091492176055908},"rotation":{"x":0.3068343997001648,"y":0.4663362503051758,"z":-0.17648901045322419,"w":0.8107112050056458},"size":3.457883596420288,"orthographic":false}