{"cameraMode":{"drawMode":0,"name":"Shaded","section":"Shading Mode"},"sceneLighting":false,"audioPlay":false,"sceneViewState":{"showFog":true,"showMaterialUpdate":false,"showSkybox":false,"showFlares":true,"showImageEffects":true,"showParticleSystems":true},"in2DMode":false,"pivot":{"x":260.435302734375,"y":608.4286499023438,"z":2.384185791015625e-7},"rotation":{"x":-0.07425874471664429,"y":-0.7028015851974487,"z":0.07440897822380066,"w":-0.7036923170089722},"size":23.11576271057129,"orthographic":false}