{"cameraMode":{"drawMode":0,"name":"Shaded","section":"Shading Mode"},"sceneLighting":false,"audioPlay":false,"sceneViewState":{"showFog":true,"showMaterialUpdate":false,"showSkybox":false,"showFlares":true,"showImageEffects":true,"showParticleSystems":true},"in2DMode":false,"pivot":{"x":0.191184401512146,"y":28.69999885559082,"z":-4.091492176055908},"rotation":{"x":-0.4751255512237549,"y":0.5218957662582398,"z":-0.46080735325813296,"w":-0.5381190776824951},"size":1.7799274921417237,"orthographic":false}