{"cameraMode":{"drawMode":0,"name":"Shaded","section":"Shading Mode"},"sceneLighting":false,"audioPlay":false,"sceneViewState":{"showFog":true,"showMaterialUpdate":false,"showSkybox":false,"showFlares":true,"showImageEffects":true,"showParticleSystems":true},"in2DMode":false,"pivot":{"x":-0.14622867107391358,"y":0.9393643736839294,"z":-1.4044115543365479},"rotation":{"x":-0.15684033930301667,"y":0.06276528537273407,"z":-0.009984859265387059,"w":-0.9855884909629822},"size":2.033452272415161,"orthographic":false}