{"cameraMode":{"drawMode":0,"name":"Shaded","section":"Shading Mode"},"sceneLighting":true,"audioPlay":false,"sceneViewState":{"showFog":true,"showMaterialUpdate":false,"showSkybox":true,"showFlares":true,"showImageEffects":true,"showParticleSystems":true},"in2DMode":false,"pivot":{"x":3.577183723449707,"y":0.4421071410179138,"z":1.926170825958252},"rotation":{"x":-0.12469837069511414,"y":-0.658263087272644,"z":0.11186493933200836,"w":-0.7339528203010559},"size":2.0857884883880617,"orthographic":false}